Brands,Information,Price
Under Armour,Rival Fitted OTH Hoody Hombre,"39,59 € "
Firetrap,Logo OTH Hoodie Mens,"30,00 € "
Under Armour,Rival Fitted OTH Hoody Hombre,"39,59 € "
adidas,Mens Essentials Sweatshirt Hoodie,"48,00 € "
Lee Cooper,Zip Sudadera con capucha Hombre,"10,79 € "
Nike,Sportswear Club Fleece Pullover Hoodie,"45,59 € "
Lee Cooper,Zip Sudadera con capucha Hombre,"10,79 € "
Under Armour,Rival Full Zip Hoody Mens,"44,39 € "
Lee Cooper,Zip Sudadera con capucha Hombre,"10,79 € "
Slazenger,Polar Hoody Hombre,"15,60 € "
Nike,Academy Sudadera con capucha Hombre,"44,39 € "
Under Armour,Rival Full Zip Hoody Mens,"44,39 € "
Lee Cooper,Zip Sudadera con capucha Hombre,"10,79 € "
Slazenger,SL Polar Crew Sweater Hombre,"12,60 € "
Under Armour,Rival Fitted OTH Hoody Hombre,"39,59 € "
Firetrap,Brunel Full Zip Hoodie Mens,"30,00 € "
Nike,Sportswear Club Fleece Men's Full-Zip Hoodie,"53,99 € "
Slazenger,SL Polar Crew Sweater Hombre,"12,60 € "
adidas,Mens Essentials Sweatshirt Hoodie,"48,00 € "
Slazenger,Full Zip Hoody Hombre,"16,80 € "
Firetrap,Graphic OTH Hoodie,"26,40 € "
Pierre Cardin,Full Zip Print Hoodie Mens,"19,20 € "
Nike,Sportswear Club Fleece Men's Full-Zip Hoodie,"53,99 € "
Everlast,OTH Hoody Hombre,"19,20 € "
adidas,Mens Sports Full Zip Track Top Hoodie,"50,40 € "
SoulCal,Signature OTH Sudadera con capucha,"21,60 € "
Lonsdale,2S Zip Hoody Hombre,"21,59 € "
Firetrap,Zip Sudadera con capucha Hombre,"20,40 € "
Firetrap,Brunel Full Zip Hoodie Mens,"30,00 € "
Nike,Dri-FIT Men's Full-Zip Training Hoodie,"47,99 € "
Slazenger,Polar Hoody Hombre,"15,60 € "
Slazenger,Polar Hoody Hombre,"15,60 € "
Nike,Reflect Hoodie Mens,"65,99 € "
adidas,Mens Crew 3-Stripes Pullover Sweatshirt,"48,00 € "
Under Armour,Rival Fitted Crew Sweater Hombre,"29,99 € "
Slazenger,SL Polar Crew Sweater Hombre,"12,60 € "
Under Armour,Rival Fitted OTH Hoody Hombre,"39,59 € "
SoulCal,USA OTH Sudadera con capucha Hombre,"19,20 € "
Everlast,Zip Hoody Hombre,"22,80 € "
Slazenger,Full Zip Hoody Hombre,"16,80 € "
Everlast,Premium OTH Hoody Men's,"26,39 € "
RFU,England Hoody Hombre,"27,59 € "
Under Armour,Rival Full Zip Hoody Mens,"44,39 € "
Under Armour,Rival Fitted Crew Sweater Hombre,"29,99 € "
SoulCal,Signature Zip Sudadera con capucha,"22,80 € "
Lonsdale,2S OTH Hoody Hombre,"19,19 € "
adidas,3 Stripe Zip Hoodie Mens,"38,40 € "
adidas,Mens Colorblock Sweatshirt Hoodie,"44,39 € "
Pierre Cardin,Print Sweatshirt Mens,"14,40 € "
Pierre Cardin,Print Sweatshirt Mens,"14,40 € "
Firetrap,Graphic OTH Hoodie,"26,40 € "
Under Armour,Rival Fitted Crew Sweater Hombre,"29,99 € "
adidas,Mens D2M Motion Full Zip Hoodie Slim,"44,39 € "
adidas,Mens Essentials Sweatshirt Hoodie,"48,00 € "
Nike,Sportswear Club Fleece Men's Full-Zip Hoodie,"53,99 € "
Nike,Sportswear Club Fleece Pullover Hoodie,"45,59 € "
Lonsdale,2S OTH Hoody Hombre,"20,39 € "
Slazenger,Full Zip Hoody Hombre,"16,80 € "
adidas,3 Stripe Zip Hoodie Mens,"57,59 € "
Slazenger,Polar Hoody Hombre,"15,60 € "
Pierre Cardin,Full Zip Print Hoodie Mens,"19,20 € "
adidas,Mens Crew 3-Stripes Pullover Sweatshirt,"48,00 € "
Nike,Camo Hoodie Mens,"77,99 € "
Pierre Cardin,Print Hoodie Mens,"18,00 € "
Lonsdale,2S Zip Hoody Hombre,"20,39 € "
Puma,No1 OTH Hoodie Mens,"38,40 € "
adidas,Linear Zip Hoodie Mens,"31,20 € "
Nike,Air Pullover Hoody Mens,"53,99 € "
adidas,Boys Sports 3-Stripes Sweatshirt Hoodie,"33,60 € "
Pierre Cardin,Print Sweatshirt Mens,"14,40 € "
Everlast,Zip Hoody Hombre,"22,80 € "
Nike,Jordan Jumpman Zip Hoodie Mens,"77,99 € "
Pierre Cardin,Full Zip Print Hoodie Mens,"19,20 € "
Under Armour,Rival Full Zip Hoody Mens,"44,39 € "
Under Armour,Rival Fitted OTH Hoody Hombre,"39,59 € "
Firetrap,Brunel Full Zip Hoodie Mens,"30,00 € "
Air Jordan,Fleece Zip Hoodie Mens,"83,99 € "
Slazenger,Zipped Chaqueta Hombre,"15,60 € "
Under Armour,Rival Full Zip Hoody Mens,"44,39 € "
SoulCal,Signature OTH Sudadera con capucha,"21,60 € "
Nike,Academy Sudadera con capucha Hombre,"32,40 € "
Slazenger,SL Polar Crew Sweater Hombre,"12,60 € "
adidas,Arsenal ZNE Hoodie 2020 2021 Mens,"105,59 € "
Nike,Jordan Jumpman Zip Hoodie Mens,"77,99 € "
Pierre Cardin,Print Hoodie Mens,"18,00 € "
Nike,Sportswear Club Fleece Pullover Hoodie,"45,59 € "
Nike,Sportswear Club Fleece Pullover Hoodie,"45,59 € "
Firetrap,Photo Crew Sweatshirt Mens,"15,60 € "
Pierre Cardin,Print Sweatshirt Mens,"14,40 € "
Nike,Dri-FIT Men's Full-Zip Training Hoodie,"47,99 € "
Nike,Liverpool Tech Pack Hoodie 2020 2021 Mens,"94,20 € "
Converse,Nova Hoodie Mens,"39,59 € "
Fabric,Emblem Zip Hoodie Mens,"14,40 € "
Puma,No1 Zip Sudadera con capucha Hombre,"43,20 € "
NBA,Logo Sudadera con capucha Hombre,"39,59 € "
Slazenger,Quarter Zip Polar Parte de arriba Hombre,"14,40 € "
Slazenger,Zipped Chaqueta Hombre,"15,60 € "
Pierre Cardin,Full Zip Print Hoodie Mens,"14,40 € "
adidas,Mens D2M Motion Full Zip Hoodie Slim,"44,39 € "
Air Jordan,Jumpman Hoodie Mens,"71,99 € "
Puma,No1 OTH Hoodie Mens,"38,40 € "
Slazenger,Full Zip Hoody Hombre,"16,80 € "
Fabric,Emblem Zip Hoodie Mens,"14,40 € "
SoulCal,Cut and Sew Zip Hoodie Mens,"21,60 € "
Nike,NPC Zip Hoodie Mens,"87,60 € "
SoulCal,Signature Zip Sudadera con capucha,"22,80 € "
Lee Cooper,London Zip Sudadera con capucha Hombre,"27,59 € "
Nike,Liverpool Hoodie Mens,"57,59 € "
Everlast,OTH Hoody Hombre,"19,20 € "
adidas,Mens Aeroknit Full Zip Track Top Hoodie,"47,99 € "
Firetrap,Photo Crew Sweatshirt Mens,"15,60 € "
Puma,No1 Zip Sudadera con capucha Hombre,"43,20 € "
Nike,Dry Hoodie Mens,"63,59 € "
Nike,Sportswear Swoosh Hoodie Mens,"63,60 € "
Puma,No1 Zip Sudadera con capucha Hombre,"28,80 € "
Jack and Jones,Core Andres Sweatshirt,"23,99 € "
Nike,Liverpool Hoodie Mens,"57,59 € "
SoulCal,USA Zip Sudadera con capucha Hombre,"20,40 € "
Nike,England Fleece Hoodie Mens,"57,59 € "
Air Jordan,Jumpman Hoodie Mens,"71,99 € "
Brands,Information,Price
Under Armour,Rival Fitted OTH Hoody Hombre,"39,59 € "
Under Armour,Rival Fitted OTH Hoody Hombre,"39,59 € "
adidas,Mens Essentials Sweatshirt Hoodie,"48,00 € "
Lee Cooper,Zip Sudadera con capucha Hombre,"10,79 € "
Nike,Sportswear Club Fleece Pullover Hoodie,"45,59 € "
Lee Cooper,Zip Sudadera con capucha Hombre,"10,79 € "
Under Armour,Rival Full Zip Hoody Mens,"44,39 € "
Lee Cooper,Zip Sudadera con capucha Hombre,"10,79 € "
Slazenger,Polar Hoody Hombre,"15,60 € "
Nike,Academy Sudadera con capucha Hombre,"44,39 € "
Under Armour,Rival Full Zip Hoody Mens,"44,39 € "
Lee Cooper,Zip Sudadera con capucha Hombre,"10,79 € "
Slazenger,SL Polar Crew Sweater Hombre,"12,60 € "
Under Armour,Rival Fitted OTH Hoody Hombre,"39,59 € "
Firetrap,Brunel Full Zip Hoodie Mens,"30,00 € "
Nike,Sportswear Club Fleece Men's Full-Zip Hoodie,"53,99 € "
Slazenger,SL Polar Crew Sweater Hombre,"12,60 € "
adidas,Mens Essentials Sweatshirt Hoodie,"48,00 € "
Slazenger,Full Zip Hoody Hombre,"16,80 € "
Firetrap,Graphic OTH Hoodie,"26,40 € "
Pierre Cardin,Full Zip Print Hoodie Mens,"19,20 € "
Nike,Sportswear Club Fleece Men's Full-Zip Hoodie,"53,99 € "
Everlast,OTH Hoody Hombre,"19,20 € "
adidas,Mens Sports Full Zip Track Top Hoodie,"50,40 € "
SoulCal,Signature OTH Sudadera con capucha,"21,60 € "
Lonsdale,2S Zip Hoody Hombre,"21,59 € "
Firetrap,Zip Sudadera con capucha Hombre,"20,40 € "
Firetrap,Brunel Full Zip Hoodie Mens,"30,00 € "
Nike,Dri-FIT Men's Full-Zip Training Hoodie,"47,99 € "
Slazenger,Polar Hoody Hombre,"15,60 € "
Slazenger,Polar Hoody Hombre,"15,60 € "
Nike,Reflect Hoodie Mens,"65,99 € "
adidas,Mens Crew 3-Stripes Pullover Sweatshirt,"48,00 € "
Under Armour,Rival Fitted Crew Sweater Hombre,"29,99 € "
Slazenger,SL Polar Crew Sweater Hombre,"12,60 € "
Under Armour,Rival Fitted OTH Hoody Hombre,"39,59 € "
SoulCal,USA OTH Sudadera con capucha Hombre,"19,20 € "
Everlast,Zip Hoody Hombre,"22,80 € "
Slazenger,Full Zip Hoody Hombre,"16,80 € "
Everlast,Premium OTH Hoody Men's,"26,39 € "
RFU,England Hoody Hombre,"27,59 € "
Under Armour,Rival Full Zip Hoody Mens,"44,39 € "
Under Armour,Rival Fitted Crew Sweater Hombre,"29,99 € "
SoulCal,Signature Zip Sudadera con capucha,"22,80 € "
Lonsdale,2S OTH Hoody Hombre,"19,19 € "
adidas,3 Stripe Zip Hoodie Mens,"38,40 € "
adidas,Mens Colorblock Sweatshirt Hoodie,"44,39 € "
Pierre Cardin,Print Sweatshirt Mens,"14,40 € "
Pierre Cardin,Print Sweatshirt Mens,"14,40 € "
Firetrap,Graphic OTH Hoodie,"26,40 € "
Under Armour,Rival Fitted Crew Sweater Hombre,"29,99 € "
adidas,Mens D2M Motion Full Zip Hoodie Slim,"44,39 € "
adidas,Mens Essentials Sweatshirt Hoodie,"48,00 € "
Nike,Sportswear Club Fleece Men's Full-Zip Hoodie,"53,99 € "
Nike,Sportswear Club Fleece Pullover Hoodie,"45,59 € "
Lonsdale,2S OTH Hoody Hombre,"20,39 € "
Slazenger,Full Zip Hoody Hombre,"16,80 € "
adidas,3 Stripe Zip Hoodie Mens,"57,59 € "
Slazenger,Polar Hoody Hombre,"15,60 € "
Pierre Cardin,Full Zip Print Hoodie Mens,"19,20 € "
adidas,Mens Crew 3-Stripes Pullover Sweatshirt,"48,00 € "
Nike,Camo Hoodie Mens,"77,99 € "
Pierre Cardin,Print Hoodie Mens,"18,00 € "
Lonsdale,2S Zip Hoody Hombre,"20,39 € "
Puma,No1 OTH Hoodie Mens,"38,40 € "
adidas,Linear Zip Hoodie Mens,"31,20 € "
Nike,Air Pullover Hoody Mens,"53,99 € "
adidas,Boys Sports 3-Stripes Sweatshirt Hoodie,"33,60 € "
Pierre Cardin,Print Sweatshirt Mens,"14,40 € "
Everlast,Zip Hoody Hombre,"22,80 € "
Nike,Jordan Jumpman Zip Hoodie Mens,"77,99 € "
Pierre Cardin,Full Zip Print Hoodie Mens,"19,20 € "
Under Armour,Rival Full Zip Hoody Mens,"44,39 € "
Under Armour,Rival Fitted OTH Hoody Hombre,"39,59 € "
Firetrap,Brunel Full Zip Hoodie Mens,"30,00 € "
Air Jordan,Fleece Zip Hoodie Mens,"83,99 € "
Slazenger,Zipped Chaqueta Hombre,"15,60 € "
Under Armour,Rival Full Zip Hoody Mens,"44,39 € "
SoulCal,Signature OTH Sudadera con capucha,"21,60 € "
Nike,Academy Sudadera con capucha Hombre,"32,40 € "
Slazenger,SL Polar Crew Sweater Hombre,"12,60 € "
adidas,Arsenal ZNE Hoodie 2020 2021 Mens,"105,59 € "
Nike,Jordan Jumpman Zip Hoodie Mens,"77,99 € "
Pierre Cardin,Print Hoodie Mens,"18,00 € "
Nike,Sportswear Club Fleece Pullover Hoodie,"45,59 € "
Firetrap,Photo Crew Sudadera Hombre,"15,60 € "
Pierre Cardin,Print Sweatshirt Mens,"14,40 € "
Nike,Dri-FIT Men's Full-Zip Training Hoodie,"47,99 € "
Nike,Liverpool Tech Pack Hoodie 2020 2021 Mens,"94,20 € "
Converse,Nova Hoodie Mens,"39,59 € "
Fabric,Emblem Zip Hoodie Mens,"14,40 € "
Puma,No1 Zip Sudadera con capucha Hombre,"43,20 € "
NBA,Logo Sudadera con capucha Hombre,"39,59 € "
Slazenger,Quarter Zip Polar Parte de arriba Hombre,"14,40 € "
Slazenger,Zipped Chaqueta Hombre,"15,60 € "
Pierre Cardin,Full Zip Print Hoodie Mens,"14,40 € "
adidas,Mens D2M Motion Full Zip Hoodie Slim,"44,39 € "
Air Jordan,Jumpman Hoodie Mens,"71,99 € "
Puma,No1 OTH Hoodie Mens,"38,40 € "
Slazenger,Full Zip Hoody Hombre,"16,80 € "
Fabric,Emblem Zip Hoodie Mens,"14,40 € "
SoulCal,Cut and Sew Zip Hoodie Mens,"21,60 € "
Nike,NPC Zip Hoodie Mens,"87,60 € "
SoulCal,Signature Zip Sudadera con capucha,"22,80 € "
Lee Cooper,London Zip Hoodie Mens,"27,59 € "
Nike,Liverpool Hoodie Mens,"57,59 € "
Everlast,OTH Hoody Hombre,"19,20 € "
adidas,Mens Aeroknit Full Zip Track Top Hoodie,"47,99 € "
Firetrap,Photo Crew Sudadera Hombre,"15,60 € "
Puma,No1 Zip Sudadera con capucha Hombre,"43,20 € "
Nike,Dry Hoodie Mens,"63,59 € "
Nike,Sportswear Swoosh Hoodie Mens,"63,60 € "
Puma,No1 Zip Sudadera con capucha Hombre,"28,80 € "
Jack and Jones,Core Andres Sweatshirt,"23,99 € "
Nike,Liverpool Hoodie Mens,"57,59 € "
SoulCal,USA Zip Sudadera con capucha Hombre,"20,40 € "
Nike,England Fleece Hoodie Mens,"57,59 € "
Air Jordan,Jumpman Hoodie Mens,"71,99 € "
adidas,Mens Crew 3-Stripes Pullover Sweatshirt,"48,00 € "
Converse,Nova Hoodie Mens,"39,59 € "
